[
  {
    "id": "RT3080",
    "Invoicenumber":"123",
    "createdAt": "2021-8-18",
    
    "description": "Re-branding",
    "selectDeliveryDate": "12/12/2023",
    "selectDeliveryDatefrom":"01/01/2023",
    "selectDeliveryDateto" : "30/03/2023",
    "paymentTerms": 1,
    "clientName": "Jensen Huang",
    "clientEmail": "jensenh@mail.com",
    "status": "paid",
    "senderAddress": {
      "street": "19 Union Terrace",
      "city": "London",
      "postCode": "E1 3EZ",
      "country": "United Kingdom"
    },
    "clientAddress": {
      "street": "106 Kendell Street",
      "city": "Sharrington",
      "postCode": "NR24 5WQ",
      "country": "United Kingdom"
    },
    "items": [
      {
        "months": "4",
        "Delay": 1,
        "stampmoney": 1800.90,
        "TVA": 1800.90,
        "price": 1,
        "total": 1800.90,
        "FinalP": 1800.90
      }
    ],
    "FinalP": 1800.90
  },
  {
    "id": "RT3045",
    "Invoicenumber":"123",
    "createdAt": "2021-8-18",
    
    "description": "Re-branding",
    "selectDeliveryDate": "12/12/2023",
    "selectDeliveryDatefrom":"01/01/2023",
    "selectDeliveryDateto" : "30/03/2023",
    "paymentTerms": 1,
    "clientName": "Jensen Huang",
    "clientEmail": "jensenh@mail.com",
    "status": "paid",
    "senderAddress": {
      "street": "19 Union Terrace",
      "city": "London",
      "postCode": "E1 3EZ",
      "country": "United Kingdom"
    },
    "clientAddress": {
      "street": "106 Kendell Street",
      "city": "Sharrington",
      "postCode": "NR24 5WQ",
      "country": "United Kingdom"
    },
    "items": [
      {
        "months": "4",
        "Delay": 1,
        "stampmoney": 1800.90,
        "TVA": 1800.90,
        "price": 1,
        "total": 1800.90,
        "FinalP": 1800.90
      }
    ],
    "FinalP": 1800.90
  },
  {
    "id": "RTer80",
    "Invoicenumber":"123",
    "createdAt": "2021-8-18",
    
    "description": "Re-branding",
    "selectDeliveryDate": "12/12/2023",
    "selectDeliveryDatefrom":"01/01/2023",
    "selectDeliveryDateto" : "30/03/2023",
    "paymentTerms": 1,
    "clientName": "Jensen Huang",
    "clientEmail": "jensenh@mail.com",
    "status": "paid",
    "senderAddress": {
      "street": "19 Union Terrace",
      "city": "London",
      "postCode": "E1 3EZ",
      "country": "United Kingdom"
    },
    "clientAddress": {
      "street": "106 Kendell Street",
      "city": "Sharrington",
      "postCode": "NR24 5WQ",
      "country": "United Kingdom"
    },
    "items": [
      {
        "months": "4",
        "Delay": 1,
        "stampmoney": 1800.90,
        "TVA": 1800.90,
        "price": 1,
        "total": 1800.90,
        "FinalP": 1800.90
      }
    ],
    "FinalP": 1800.90
  },
  {
    "id": "RQSDF34",
    "Invoicenumber":"123",
    "createdAt": "2021-8-18",
    
    "description": "Re-branding",
    "selectDeliveryDate": "12/12/2023",
    "selectDeliveryDatefrom":"01/01/2023",
    "selectDeliveryDateto" : "30/03/2023",
    "paymentTerms": 1,
    "clientName": "Jensen Huang",
    "clientEmail": "jensenh@mail.com",
    "status": "paid",
    "senderAddress": {
      "street": "19 Union Terrace",
      "city": "London",
      "postCode": "E1 3EZ",
      "country": "United Kingdom"
    },
    "clientAddress": {
      "street": "106 Kendell Street",
      "city": "Sharrington",
      "postCode": "NR24 5WQ",
      "country": "United Kingdom"
    },
    "items": [
      {
        "months": "4",
        "Delay": 1,
        "stampmoney": 1800.90,
        "TVA": 1800.90,
        "price": 1,
        "total": 1800.90,
        "FinalP": 1800.90
      }
    ],
    "FinalP": 1800.90
  },
  {
    "id": "RTaaw21",
    "Invoicenumber":"123",
    "createdAt": "2021-8-18",
    
    "description": "Re-branding",
    "selectDeliveryDate": "12/12/2023",
    "selectDeliveryDatefrom":"01/01/2023",
    "selectDeliveryDateto" : "30/03/2023",
    "paymentTerms": 1,
    "clientName": "Jensen Huang",
    "clientEmail": "jensenh@mail.com",
    "status": "paid",
    "senderAddress": {
      "street": "19 Union Terrace",
      "city": "London",
      "postCode": "E1 3EZ",
      "country": "United Kingdom"
    },
    "clientAddress": {
      "street": "106 Kendell Street",
      "city": "Sharrington",
      "postCode": "NR24 5WQ",
      "country": "United Kingdom"
    },
    "items": [
      {
        "months": "4",
        "Delay": 1,
        "stampmoney": 1800.90,
        "TVA": 1800.90,
        "price": 1,
        "total": 1800.90,
        "FinalP": 1800.90
      }
    ],
    "FinalP": 1800.90
  },
  {
    "id": "TY9141",
    "createdAt": "2021-10-01",
    "paymentDue": "2021-10-31",
    "description": "Landing Page Design",
    "paymentTerms": 30,
    "clientName": "Thomas Wayne",
    "clientEmail": "thomas@dc.com",
    "status": "pending",
    "senderAddress": {
      "street": "19 Union Terrace",
      "city": "London",
      "postCode": "E1 3EZ",
      "country": "United Kingdom"
    },
    "clientAddress": {
      "street": "3964  Queens Lane",
      "city": "Gotham",
      "postCode": "60457",
      "country": "United States of America"
    },
    "items": [
      {
        "name": "Web Design",
        "quantity": 1,
        "price": 6155.91,
        "total": 6155.91
      }
    ],
    "total": 6155.91
  },
  {
    "id": "FV2353",
    "createdAt": "2021-11-05",
    "paymentDue": "2021-11-12",
    "description": "Logo Re-design",
    "paymentTerms": 7,
    "clientName": "Anita Wainwright",
    "clientEmail": "",
    "status": "draft",
    "senderAddress": {
      "street": "19 Union Terrace",
      "city": "London",
      "postCode": "E1 3EZ",
      "country": "United Kingdom"
    },
    "clientAddress": {
      "street": "",
      "city": "",
      "postCode": "",
      "country": ""
    },
    "items": [
      {
        "name": "Logo Re-design",
        "quantity": 1,
        "price": 3102.04,
        "total": 3102.04
      }
    ],
    "total": 3102.04
  }
]






























